{"mel_mean": -5.517477035522461, "mel_std": 2.064375162124634}