{"mel_mean": -5.474133014678955, "mel_std": 2.6509482860565186}