{"mel_mean": 9.985725046135485e-05, "mel_std": 0.9999478459358215}